,PRIO3.SAO,RAIZ4.SAO,ITUB4.SAO,IGTA3.SAO,ARZZ3.SAO,ENGI11.SAO,SLCE3.SAO,WEGE3.SAO,GGBR4.SAO,PSSA3.SAO
2019-01-02,2.0712,,29.8187,40.7516,53.2079,35.7237,20.2338,8.687,14.8998,22.4835
2019-01-03,2.0758,,30.3103,41.1261,53.4677,35.9118,19.3548,8.8851,14.8018,21.7702
2019-01-04,2.0932,,29.8026,40.0985,51.3032,36.1938,19.4823,8.9865,15.1939,20.8451
2019-01-07,2.0914,,29.859,39.4742,50.5336,35.7237,19.3229,8.8464,15.2331,21.2644
2019-01-08,2.1414,,30.2378,38.9459,51.9958,35.5357,18.904,8.774,15.2527,21.7875
2019-01-09,2.167,,30.6971,39.4934,53.1791,35.6767,18.4622,8.8706,15.684,21.701
2019-01-10,2.1792,,30.4876,39.1476,53.0059,36.4476,18.6171,8.9382,15.2821,22.0685
2019-01-11,2.2058,,30.3022,38.4945,51.1878,36.1938,19.2546,9.03,14.9194,23.2616
2019-01-14,2.1898,,30.5279,37.9375,50.0718,36.8519,20.1973,9.1315,14.8998,23.7112
2019-01-15,2.2,,30.0524,38.8979,50.1199,36.8049,21.2675,8.9527,14.6058,23.3869
2019-01-16,2.196,,29.9638,39.042,49.7351,36.8989,21.7229,9.1411,14.6352,22.9547
2019-01-17,2.2006,,29.9638,39.503,49.206,37.3219,20.8121,9.0832,14.7528,22.933
2019-01-18,2.236,,30.3506,39.4934,49.5427,37.2373,20.2656,9.0349,15.1841,23.5166
2019-01-21,2.3342,,30.1008,39.1284,49.3503,37.792,21.2675,9.0928,15.1939,23.3826
2019-01-22,2.2878,,30.0524,39.186,49.9179,37.792,20.5389,8.9672,15.1645,23.5728
2019-01-23,2.2778,,30.2539,40.2809,49.9275,38.45,20.3294,9.0687,15.3409,23.6766
2019-01-24,2.2352,,30.2136,40.1561,50.3701,39.0987,20.4478,9.0928,15.6742,23.6204
2019-01-28,2.146,,30.7536,40.7228,49.8121,39.6345,20.5252,9.2378,15.3311,23.6161
2019-01-29,2.1738,,30.5279,41.5775,51.4379,39.7286,20.5207,9.2813,15.3311,22.799
2019-01-30,2.36,,30.7213,41.8849,52.9097,39.5499,20.9806,9.3827,15.8311,23.776
2019-01-31,2.3,,31.2532,42.7877,52.9097,39.2021,20.1746,9.1025,15.3409,24.2429
2019-02-01,2.24,,31.2895,42.8261,53.4869,39.6722,19.8102,9.4842,15.488,24.4547
2019-02-04,2.2126,,31.999,43.0854,53.7274,39.7944,20.2064,9.518,15.6742,24.8438
2019-02-05,2.1844,,30.6365,43.1815,52.9867,39.2961,20.0698,9.6871,15.6056,25.155
2019-02-06,2.3196,,29.3465,42.4612,50.5625,39.3431,19.3457,9.3441,15.0273,24.8783
2019-02-07,2.264,,29.4513,42.0001,49.8987,38.309,18.6945,9.2619,14.9292,25.0167
2019-02-08,2.241,,30.0802,42.4035,50.4085,38.215,19.5871,9.1798,15.0469,26.2444
2019-02-11,2.32,,29.7416,41.8945,49.6486,38.8261,19.4596,9.1267,15.1449,25.9937
2019-02-12,2.3178,,30.451,41.7312,49.6197,39.2961,19.4459,9.117,15.1939,27.2257
2019-02-13,2.524,,29.7577,41.4719,49.8313,39.1175,19.9013,9.0155,15.3213,26.132
2019-02-14,2.6992,,30.5478,41.9329,50.4951,39.2585,20.4159,9.1025,15.4194,25.9375
2019-02-15,2.7,,30.2333,41.7792,50.4663,39.5217,20.2747,9.1315,15.1743,25.5225
2019-02-18,2.698,,29.7496,41.3951,51.486,39.7004,20.9579,9.2184,15.2429,25.583
2019-02-19,2.7126,,30.4349,41.7504,52.3421,39.5311,21.14,9.3682,15.2331,25.6046
2019-02-20,2.76,,30.0479,41.155,52.1594,39.3619,19.9286,9.0783,15.488,25.2155
2019-02-21,2.773,,30.5961,41.0781,51.7169,39.3807,19.8057,9.1218,14.8018,25.2458
2019-02-22,2.8522,,29.5561,41.6064,52.2844,39.0705,19.5142,9.204,14.8802,25.7948
2019-02-25,2.858,,29.1046,41.6832,51.8804,39.1551,19.241,8.9579,14.9685,25.5052
2019-02-26,2.836,,29.2094,41.76,52.2363,38.9577,19.0133,8.8948,15.1743,24.8783
2019-02-27,3.0488,,28.9515,40.7228,52.5597,39.4352,19.0907,9.0161,15.1253,24.766
2019-02-28,3.0196,,28.4032,40.3386,52.7258,38.4897,18.6808,8.9385,14.841,24.2256
2019-03-01,3.36,,28.0888,39.7911,51.6805,38.1936,19.2182,8.8996,14.7332,24.0743
2019-03-06,3.406,,28.0969,38.9976,50.9966,37.4487,18.6945,9.0161,14.7332,24.0354
2019-03-07,3.624,,28.4838,39.239,50.2834,37.2194,18.5123,8.987,14.5358,23.6161
2019-03-08,3.5,,28.8225,40.1659,50.9966,37.8784,18.7901,9.1229,14.5161,23.776
2019-03-11,3.642,,29.7657,40.4073,52.3546,37.8211,18.4212,9.2102,14.7036,23.9143
2019-03-12,3.52,,29.8302,40.2625,52.1494,38.6807,18.2846,9.2248,14.4766,24.1002
2019-03-13,3.57,,30.1527,40.5521,52.1201,40.1133,18.8994,9.3073,14.7825,24.2169
2019-03-14,3.712,,29.6771,40.2914,51.7391,40.0178,19.1681,9.2636,14.5654,23.7847
2019-03-15,4.006,,29.669,40.3494,50.8989,40.7723,19.5689,9.3461,14.9108,23.8149
2019-03-18,4.06,,29.7174,40.0114,51.8075,40.6864,20.0835,9.2636,15.3154,23.9965
2019-03-19,3.9,,29.024,39.8473,51.0943,40.3998,20.1746,9.2636,15.6411,24.3466
2019-03-20,4.054,,28.371,39.297,49.3358,40.0656,20.2201,9.1035,15.4141,23.776
2019-03-21,4.1,,27.8711,39.2776,49.6191,39.5403,20.0698,9.0064,15.4536,23.3394
2019-03-22,3.96,,27.0488,38.0418,48.7692,39.176,19.2136,8.8414,14.7431,23.1449
2019-03-25,3.86,,27.0891,38.2349,48.6031,38.3421,19.4231,8.7862,14.674,23.1622
2019-03-26,3.924,,27.3713,37.7618,49.2479,39.1089,19.5825,8.7667,15.0391,23.5555
2019-03-27,3.85,,26.4441,36.4583,48.4565,38.1216,18.6717,8.4894,14.4569,22.9763
2019-03-28,3.798,,27.4922,37.559,48.0951,38.9076,18.8083,8.7813,14.6838,23.2227
2019-03-29,3.78,,27.7582,37.5783,48.8278,38.8693,18.699,8.757,14.9404,23.2702
2019-04-01,3.876,,27.5526,37.2211,49.5507,38.8693,19.1362,8.791,15.868,23.3797
2019-04-02,3.88,,27.117,37.4142,49.2381,39.1952,19.1271,8.8786,15.868,23.3403
2019-04-03,3.8,,26.875,37.3659,48.7985,38.6872,18.5579,8.9856,15.7891,23.7569
2019-04-04,3.788,,27.2783,37.7328,48.1635,38.7543,18.6717,9.151,15.9864,23.4762
2019-04-05,3.778,,27.8671,37.6556,48.3393,38.9172,18.8584,9.2775,15.5621,24.1209
2019-04-08,3.75,,27.6977,36.7287,48.0267,38.8501,19.5825,9.1218,15.6411,24.4674
2019-04-09,3.602,,27.5445,35.9273,47.8997,38.3421,19.3958,9.0051,15.3944,23.8753
2019-04-10,3.784,,27.4961,36.6418,47.8704,38.3421,19.373,8.9175,15.3253,23.3052
2019-04-11,3.626,,26.8589,35.9949,47.5773,37.8532,19.5598,8.8689,14.9898,23.5157
2019-04-12,3.64,,26.5766,34.9617,47.3819,37.2877,19.4277,8.8737,14.8121,23.5157
2019-04-15,3.61,,26.5605,35.4348,47.2842,37.767,18.567,8.9516,14.5852,23.8051
2019-04-16,3.582,,26.5363,35.4348,46.0239,37.997,18.4076,9.1218,14.8812,24.5595
2019-04-17,3.62,,26.1249,35.6473,45.1349,37.3835,18.148,9.0051,14.7825,24.7393
2019-04-18,3.59,,26.4798,36.1107,46.3073,38.0833,18.3529,9.0635,14.7332,24.2612
2019-04-22,3.862,,26.4072,36.6026,45.7211,38.7734,18.5579,9.1218,14.7529,24.5156
2019-04-23,3.962,,26.746,37.1625,47.3819,38.5721,18.444,9.3651,14.5358,24.6823
2019-04-24,3.87,,26.7863,37.133,48.8278,38.6488,18.8994,9.1462,14.4075,24.6252
2019-04-25,3.798,,27.1977,37.1527,49.4042,39.1089,18.8493,9.2678,14.3878,24.6559
2019-04-26,3.74,,27.2622,37.0643,49.6484,38.8693,18.5351,9.2824,14.1806,24.8182
2019-04-29,3.66,,27.0444,37.025,48.9255,39.2527,18.3302,9.1218,14.2003,24.2525
2019-04-30,3.69,,27.2864,37.5063,49.8243,40.0675,18.7173,9.0391,13.9635,23.735
2019-05-02,3.53,,27.4679,36.632,49.04,40.2592,19.2126,9.1316,13.8154,23.8271
2019-05-03,3.516,,27.2016,37.5947,50.1973,40.1346,19.2126,9.0732,14.0424,22.9587
2019-05-06,3.49,,26.6045,37.2902,49.2361,40.3263,19.6906,8.9321,13.8944,22.9148
2019-05-07,3.46,,26.3059,37.1429,49.6873,40.5947,19.3942,8.8251,14.0325,23.2789
2019-05-08,3.56,,26.6045,38.3119,49.9227,40.7672,19.2317,9.0537,14.3089,23.4718
2019-05-09,3.486,,26.2736,37.8207,48.6084,40.9398,19.1457,9.0245,14.0523,22.8666
2019-05-10,3.504,,26.1526,37.6439,47.5688,40.0675,18.5435,8.9662,13.9635,22.8052
2019-05-13,3.318,,25.741,37.2411,47.3432,39.6936,17.5877,8.757,13.628,22.5421
2019-05-14,3.41,,25.62,36.9366,47.0784,41.0164,17.7789,8.7618,13.7661,22.4982
2019-05-15,3.422,,25.7007,36.298,46.9607,41.074,17.2914,8.757,13.7365,22.1035
2019-05-16,3.76,,25.3699,35.3844,46.5095,41.0164,16.5649,8.757,13.5589,21.7088
2019-05-17,3.738,,25.4183,34.9718,45.5483,41.2177,16.8804,8.8202,13.5589,21.5729
2019-05-20,3.766,,26.08,36.4749,46.1466,41.4382,17.2914,8.9905,13.668,21.7965
2019-05-21,3.728,,27.0806,37.4376,48.0592,42.1667,16.7752,9.1462,14.1738,22.2395
2019-05-22,3.674,,27.1128,37.3393,48.1474,42.5118,16.3929,9.1316,14.1738,22.3754
2019-05-23,3.506,,27.0563,37.3197,48.118,41.8887,16.3546,9.0002,13.8366,22.8315
2019-05-24,3.474,,26.6529,36.966,47.5197,41.1219,16.2017,8.8494,13.7374,22.6298
2019-05-27,3.596,,26.7497,37.4572,47.2353,41.5053,16.5267,8.8981,13.7077,22.45
2019-05-28,3.696,,27.5002,37.8305,46.9312,41.7641,17.1576,9.1705,14.0251,22.985
2019-05-29,3.6,,28.0166,38.1154,48.167,41.2177,17.9413,9.2873,13.9358,22.5421
2019-05-30,3.548,,28.3071,39.0486,48.7065,41.6107,18.448,9.2727,13.8366,22.9324
2019-05-31,3.474,,28.2425,39.2942,49.5304,43.1444,18.6391,9.2678,13.7573,23.2438
2019-06-03,3.5,,28.3192,39.3728,49.1773,42.9335,18.7634,9.3116,13.8267,23.6516
2019-06-04,3.476,,28.2708,40.2864,47.5688,43.3841,19.7766,9.2532,13.7473,23.5508
2019-06-05,3.39,,27.7218,40.2274,48.2553,42.7035,20.1876,9.19,13.5986,23.9455
2019-06-06,3.378,,28.0125,40.0899,48.0592,42.7514,20.1494,9.19,13.539,23.906
2019-06-07,3.36,,28.3111,40.9151,48.6476,42.8952,19.2795,9.3408,13.787,24.3446
2019-06-10,3.346,,27.9559,41.033,48.4122,42.1571,19.117,9.3554,14.035,24.3402
2019-06-11,3.26,,28.0932,41.0625,47.9218,42.4926,18.7634,9.4235,14.4516,23.6297
2019-06-12,3.144,,27.9317,40.8463,47.0293,43.1157,18.1325,9.5792,14.3425,23.4324
2019-06-13,3.23,,27.4312,42.7325,48.5201,43.5758,17.8744,9.73,14.5309,23.2438
2019-06-14,3.204,,27.4393,42.9289,48.1082,43.4416,17.4634,9.6959,14.2333,23.1999
2019-06-17,3.224,,27.407,42.5065,48.3044,43.1348,18.1612,9.8759,14.0945,23.4894
2019-06-18,3.21,,28.1174,43.2236,48.0592,43.0198,17.7789,10.0413,14.6202,23.5858
2019-06-19,3.182,,28.5614,43.3612,49.0302,43.3266,17.5303,10.2992,14.8384,23.6165
2019-06-21,3.266,,29.2072,44.2158,49.3048,43.71,17.0811,10.4257,15.0963,23.7481
2019-06-24,3.202,,29.1426,44.3337,49.138,43.0965,16.8804,10.4986,15.007,23.6078
2019-06-25,3.136,,28.7794,43.479,48.4024,42.3201,16.9664,10.2992,14.6301,23.1736
2019-06-26,3.14,,29.4655,43.7148,47.912,42.3201,16.823,10.2894,14.9673,23.2957
2019-06-27,3.09,,29.2637,43.9604,47.912,43.3074,16.909,10.3916,14.8681,23.0378
2019-06-28,3.154,,29.2718,45.1392,49.4627,44.1701,16.8899,10.3916,15.0764,22.9756
2019-07-01,3.182,,29.1385,44.5989,49.0883,43.7004,17.3965,10.5198,14.9078,22.8955
2019-07-02,3.134,,29.0336,44.6972,49.1671,43.5087,17.2627,10.51,14.521,23.1134
2019-07-03,3.218,,29.5343,45.2276,49.5416,44.1893,17.4634,10.5783,14.759,23.1445
2019-07-04,3.21,,29.8735,45.8367,50.251,45.1478,17.7502,10.822,15.1756,23.7847
2019-07-05,3.28,,30.2046,46.6815,51.256,44.4768,17.8649,10.9195,15.2451,24.2293
2019-07-08,3.6,,30.1238,48.2435,51.3841,45.1478,17.8362,10.9829,15.2252,24.3449
2019-07-10,3.634,,30.0431,49.3142,52.4975,46.9115,17.3009,11.5483,15.1855,24.4516
2019-07-11,3.656,,30.0027,48.3319,51.6895,46.7773,16.909,11.5045,14.8186,24.4516
2019-07-12,3.754,,29.4454,48.0175,51.8767,45.9242,16.584,11.2558,14.6003,23.678
2019-07-15,3.852,,29.3647,47.4478,51.0392,46.0105,16.3929,10.9195,14.8086,23.2512
2019-07-16,3.66,,29.4777,47.6442,51.7979,46.8253,16.1539,10.9731,14.6698,23.1178
2019-07-17,3.646,,29.397,48.5775,51.5516,46.3172,16.9855,10.9829,14.4912,23.2067
2019-07-18,3.634,,30.1804,47.7425,51.2658,46.7007,16.7274,11.0901,14.3722,23.389
2019-07-19,3.58,,29.397,47.1629,51.66,46.6815,16.4885,11.1096,14.2234,22.8644
2019-07-22,3.584,,29.8977,46.9468,50.251,46.8253,16.3738,11.017,13.8961,22.6599
2019-07-23,3.58,,30.1884,46.5145,49.2657,47.3716,16.1539,11.0072,13.9457,22.7044
2019-07-24,3.654,,30.1642,46.2395,49.3642,46.2022,16.1061,11.212,13.7374,22.9533
2019-07-25,3.56,,29.2355,46.0626,48.9208,46.0297,16.8326,11.1096,13.6085,23.0156
2019-07-26,3.552,,29.7604,45.9742,49.443,46.1159,17.2053,11.3875,13.6481,22.9
2019-07-29,3.532,,29.8815,46.4163,49.177,46.5856,17.4443,11.5387,13.787,22.9845
2019-07-30,3.568,,28.8882,47.379,49.1474,47.1416,17.6928,11.7442,13.9755,23.0022
2019-07-31,3.52,,28.121,47.2415,49.6499,47.3525,17.2436,11.6562,13.6382,23.1623
2019-08-01,3.43,,28.1816,47.5362,51.2166,48.0906,17.0906,11.4653,13.3903,23.5179
2019-08-02,3.56,,28.2219,47.4871,50.5958,48.1672,17.32,11.617,13.4597,23.5846
2019-08-05,3.524,,27.8341,46.4163,49.9849,47.4483,17.32,11.4017,12.9935,23.0645
2019-08-06,3.52,,28.6744,47.1531,51.2658,47.3333,17.1289,11.6953,12.9836,23.4424
2019-08-07,3.486,,29.7328,47.3986,49.7583,47.2183,17.4443,11.8959,12.8646,24.1181
2019-08-08,3.496,,29.8944,47.6737,50.1623,48.311,17.4634,11.9596,13.2812,24.3449
2019-08-09,3.522,,29.6682,47.5853,49.6105,48.8862,17.9987,11.8323,13.182,24.7316
2019-08-12,3.478,,28.4401,46.544,48.6745,48.1289,17.7119,11.6219,12.8249,24.8028
2019-08-13,3.51,,28.9976,46.7601,48.4183,48.5916,17.7215,11.8813,13.1621,24.4204
2019-08-14,3.426,,28.3593,45.4339,47.3936,47.3674,16.6987,11.2989,12.6067,23.8958
2019-08-15,3.34,,28.2785,44.815,45.9944,46.7987,16.7752,10.9368,12.1802,23.5179
2019-08-16,3.216,,28.3917,45.1294,46.2802,47.7048,17.2531,11.157,12.5769,23.9181
2019-08-19,3.24,,28.2677,44.6972,46.9009,47.0011,17.2723,11.0298,12.2278,23.7891
2019-08-20,3.136,,27.9536,44.8445,46.5758,46.2685,17.1958,11.0592,12.2777,23.9092
2019-08-21,3.226,,28.1685,45.1883,47.5906,46.2685,17.2531,11.2843,12.5171,23.7847
2019-08-22,3.22,,27.7222,44.815,46.5068,46.2685,17.1576,11.1228,12.5769,23.7847
2019-08-23,3.03,,27.3998,44.54,45.3244,45.4203,16.5936,10.8732,12.2578,24.2871
2019-08-26,2.914,,27.3915,43.4398,45.0682,44.5913,15.4083,10.5454,11.9785,24.2115
2019-08-27,2.888,,27.7139,44.4025,45.1569,45.0443,15.8863,10.609,11.7391,24.127
2019-08-28,3.1,,28.028,44.5105,45.3244,44.6298,15.7047,10.8096,11.8788,24.2737
2019-08-29,3.22,,28.1768,44.8936,47.1571,45.1889,16.4598,10.9613,12.4971,24.4516
2019-08-30,3.38,,28.0528,45.1883,48.7533,45.7769,16.5649,11.0102,12.8362,24.8961
2019-09-02,3.33,,27.7013,45.2276,47.4921,46.1239,16.6032,11.1472,12.6268,25.3407
2019-09-03,3.37,,27.1721,44.7463,46.9009,45.6998,16.4502,10.8585,12.547,25.274
2019-09-04,3.384,,27.3623,45.0901,47.3837,46.2685,16.9568,11.0738,12.547,24.8517
2019-09-05,3.37,,28.1396,45.5322,47.7187,46.4035,17.0237,11.1472,12.6368,24.6961
2019-09-06,3.404,,29.0823,45.1196,47.2852,46.577,17.3392,11.1766,12.3974,25.3496
2019-09-09,3.406,,29.7934,43.2236,47.2261,44.1961,17.2436,11.0494,13.0756,24.9361
2019-09-10,3.386,,29.2146,43.9015,47.1078,44.7455,17.3487,11.2206,13.4845,24.7405
2019-09-11,3.43,,29.0823,45.3848,48.7336,45.7384,17.6928,11.294,13.1953,25.483
2019-09-12,3.424,,29.2642,44.7463,47.9848,46.1625,17.6355,11.2794,13.5743,25.932
2019-09-13,3.406,,29.6611,43.9113,47.3936,46.6252,17.3296,11.6072,13.5244,25.4074
2019-09-16,3.498,,29.1319,43.6166,47.502,46.8372,17.7119,11.3723,13.4646,25.0695
2019-09-17,3.418,,29.2394,44.8936,48.3592,46.924,18.1612,11.6464,13.5444,25.443
2019-09-18,3.52,,29.1484,45.6697,48.5759,47.2324,17.6737,11.7442,13.3948,25.7008
2019-09-19,3.624,,28.6605,46.6619,49.0193,48.7747,17.4921,11.5925,13.3649,25.9142
2019-09-20,3.646,,28.735,47.546,49.5218,49.2471,17.473,11.94,13.2152,25.6519
2019-09-23,3.65,,28.644,46.9762,48.2902,48.6494,17.6546,11.862,13.1754,26.0076
2019-09-24,3.622,,28.3463,46.4949,48.2803,48.4952,17.8649,11.7051,12.916,26.4521
2019-09-25,3.62,,28.6771,46.1707,48.2015,47.7819,17.645,11.8816,13.0756,25.9631
2019-09-26,3.502,,29.504,46.7503,48.7632,48.1964,17.3583,11.8816,13.0956,26.1143
2019-09-27,3.4,,29.38,46.1019,48.6548,47.6084,17.2053,11.8277,12.9958,26.1276
2019-09-30,3.484,,28.9665,46.6913,48.7927,48.1482,17.1002,11.8767,13.1255,26.1809
2019-10-01,3.41,,28.3088,46.1216,48.9504,47.5216,17.0237,11.8767,13.0557,25.7053
2019-10-02,3.38,,27.5312,45.5518,50.3988,46.8469,16.5362,11.6806,12.567,24.985
2019-10-03,3.382,,27.5395,45.7679,52.2216,46.9433,16.5267,11.6071,12.7465,25.2073
2019-10-04,3.42,,27.6718,46.3868,54.7046,48.0421,16.4789,11.5728,12.9958,25.3629
2019-10-07,3.332,,27.1589,45.4732,55.2571,47.7241,16.2113,11.2003,12.7465,24.8472
2019-10-08,3.2,,27.0431,45.3848,54.4677,47.0011,16.1252,11.1807,12.5171,24.416
2019-10-09,3.234,,27.4733,45.6795,54.0731,47.4734,16.2495,11.2101,12.4872,24.5938
2019-10-10,3.238,,27.6718,44.8249,54.2507,47.4734,16.5458,11.2591,12.946,24.7094
2019-10-11,3.4,,28.0276,45.1196,54.8427,47.8976,16.5076,11.6022,13.2551,25.1318
2019-10-14,3.398,,28.4991,45.4339,54.4381,47.4349,17.0333,11.6414,13.2152,25.2073
2019-10-15,3.388,,28.4329,45.3357,53.9152,45.6709,16.6318,11.6561,13.4546,25.2073
2019-10-16,3.4,,28.8383,46.1118,54.3987,46.0757,16.6414,11.9453,13.315,25.5363
2019-10-17,3.452,,28.6646,45.876,55.8985,45.4781,16.7943,11.8816,13.3649,25.194
2019-10-18,3.424,,28.3254,46.2689,56.4313,45.6902,16.8899,11.9404,13.1255,25.2073
2019-10-21,3.416,,28.7886,46.4163,56.1551,45.7094,17.798,11.9796,13.1953,25.354
2019-10-22,3.52,,29.6821,46.3082,57.0333,45.5456,17.7119,12.1267,13.2452,25.354
2019-10-23,3.506,,30.104,46.0823,56.2932,44.7262,17.5399,12.6659,13.2751,25.3763
2019-10-24,3.56,,30.2446,46.1118,56.0465,44.9287,17.3487,12.7933,12.9659,25.2518
2019-10-25,3.584,,30.4432,46.2493,56.757,43.8201,17.3774,12.4551,13.2053,25.234
2019-10-28,3.632,,30.8568,46.1805,56.6386,44.4853,17.3009,12.5384,13.1754,25.4785
2019-10-29,3.676,,30.3108,45.9841,57.0333,45.16,17.6259,12.509,13.0756,25.2029
2019-10-30,3.7,,30.5011,46.6717,57.724,45.7384,17.5781,12.6708,13.3449,25.269
2019-10-31,3.7,,29.9716,47.0548,58.316,46.1914,17.3105,12.4992,13.3948,25.8086
2019-11-01,3.764,,30.0833,48.1354,61.2959,45.7866,17.6642,12.6855,13.8735,26.0783
2019-11-04,3.872,,30.1827,48.0372,60.1415,44.6588,17.6928,12.808,14.5617,26.1907
2019-11-05,3.806,,30.704,47.0941,59.5001,44.4274,17.3487,13.107,14.7113,25.1791
2019-11-06,3.832,,30.2902,47.5656,59.8751,45.5841,17.5017,13.3178,14.6914,25.1746
2019-11-07,3.946,,30.4723,47.7228,59.1547,45.9697,17.6737,13.7687,15.2898,25.251
2019-11-08,3.96,,30.0171,46.2689,58.7107,45.3046,17.645,13.8423,15.21,25.3544
2019-11-11,3.908,,30.1496,46.1903,59.1054,46.2878,17.9796,14.2589,15.2399,25.3455
2019-11-12,3.872,,29.6364,45.5027,58.168,46.4517,17.7789,13.9697,15.29,25.7007
2019-11-13,3.856,,29.3385,44.9722,58.612,45.7191,17.645,14.3177,15.32,25.4489
2019-11-14,3.892,,29.5289,45.6697,59.8652,46.8758,17.2818,14.3422,15.44,25.2375
2019-11-18,3.878,,29.3964,45.483,59.4804,46.4613,17.3009,14.3618,15.26,25.9659
2019-11-19,3.848,,29.0737,45.1883,59.2139,45.8058,17.2531,14.3128,15.3,26.3256
2019-11-21,3.95,,29.3716,46.4851,62.3024,45.4395,17.3583,14.156,16.45,26.8877
2019-11-22,4.124,,29.5702,46.4851,63.8417,45.0347,17.3487,14.2442,16.69,27.1485
2019-11-25,4.08,,29.1482,46.3966,62.1643,44.7841,17.7502,14.2638,16.8,27.036
2019-11-26,4.262,,28.5523,45.8269,61.8683,44.3889,19.1648,14.0334,17.26,26.3616
2019-11-27,4.23,,28.7178,45.4045,61.3749,44.5335,18.7156,14.2393,17.42,26.6584
2019-11-28,4.4,,28.635,45.9841,61.4538,44.5335,18.4097,14.4255,17.17,26.528
2019-11-29,4.652,,28.8006,46.6226,61.6709,44.3214,18.3524,14.9108,17.0,26.9776
2019-12-02,4.616,,29.1978,47.8407,61.7696,44.3407,18.4193,14.7834,17.45,26.7258
2019-12-03,4.696,,29.2061,48.0372,63.5753,45.0733,18.5818,15.053,17.05,26.8877
2019-12-04,5.098,,30.2571,48.3908,63.8219,46.4999,18.4193,15.597,17.26,27.0091
2019-12-05,4.99,,30.2158,48.8231,64.6123,47.7144,18.5244,16.0627,17.3,26.9866
2019-12-06,5.316,,29.6695,48.6168,67.2797,47.9747,19.0215,16.048,17.6,26.8247
2019-12-09,5.362,,30.2489,48.5382,67.6749,48.1771,19.6714,15.6412,17.18,26.8112
2019-12-10,5.398,,29.8102,48.8722,65.7978,47.9747,19.4038,15.6706,17.67,26.537
2019-12-11,5.48,,29.4626,49.1178,65.205,48.1964,20.1589,16.2097,17.6,26.6718
2019-12-12,5.6,,29.4544,49.4616,64.8395,48.6591,19.9869,16.5676,17.91,26.9776
2019-12-13,5.866,,30.0502,49.1374,64.8098,49.5073,19.9486,16.6901,18.49,27.0945
2019-12-16,5.886,,29.3633,49.7759,63.9207,49.5555,21.3824,16.4156,18.11,27.2474
2019-12-17,5.98,,29.8102,49.2553,63.7231,49.276,21.5354,16.646,18.02,27.4992
2019-12-18,5.924,,30.1909,49.6679,63.2291,49.8351,22.0037,16.6166,17.83,27.9038
2019-12-19,6.0,,30.3399,49.9724,63.9602,50.0953,21.717,16.4695,18.27,27.9982
2019-12-20,6.182,,30.2075,50.6895,63.9602,49.6423,22.7493,16.6117,19.15,28.277
2019-12-23,6.66,,30.4889,51.5737,65.0074,50.7315,22.9882,16.5814,19.46,28.4569
2019-12-26,6.868,,30.9523,52.8605,63.9898,51.5701,23.8676,17.1015,19.89,28.5693
2019-12-27,6.78,,30.8696,52.3202,63.2094,51.6665,23.6956,17.342,19.88,28.2366
2019-12-30,6.612,,30.704,51.9666,63.2291,51.599,23.7051,17.0083,20.0,28.2096
2020-01-02,7.156,,31.4861,53.5384,63.1402,52.2738,24.8426,17.2929,20.76,28.8391
2020-01-03,7.57,,31.155,53.617,62.2412,52.4666,24.7375,17.0721,20.42,28.1017
2020-01-06,7.718,,30.6913,53.5285,61.8559,52.6208,24.5176,17.1163,20.37,28.6502
2020-01-07,7.728,,29.9793,53.6857,62.1424,52.0135,23.8963,17.2488,20.69,28.6322
2020-01-08,7.57,,29.4908,53.8331,61.2532,52.3413,24.0397,16.5961,20.77,28.3265
2020-01-09,7.28,,28.903,53.8232,60.5616,52.6112,23.8963,16.3507,20.66,28.4209
2020-01-10,7.444,,28.6463,53.7741,60.1269,53.4016,23.7243,16.6844,20.94,28.7491
2020-01-13,7.764,,29.0272,55.3361,62.0436,53.2666,23.5809,16.8415,21.84,28.7087
2020-01-14,8.222,,29.0272,55.1592,62.2412,53.1317,23.5044,17.1751,21.42,29.2662
2020-01-15,8.26,,28.6712,54.4618,61.925,52.6112,23.1316,17.288,21.1,29.0639
2020-01-16,8.276,,28.7291,54.2162,61.7472,52.7365,22.4625,17.6021,21.3,29.2842
2020-01-17,8.202,,28.9278,54.5207,62.0633,52.6497,21.9846,18.0584,21.57,29.2347
2020-01-20,8.612,,28.34,55.3655,62.4289,52.3798,22.7493,18.6129,22.27,29.8822
2020-01-21,8.944,,27.7356,54.894,65.2347,52.5533,23.2177,18.397,21.8,29.6439
2020-01-22,9.24,,27.9012,54.9824,63.9306,53.4112,24.0397,19.0889,22.07,29.6978
2020-01-23,9.306,,28.5635,56.0728,62.9327,53.7293,24.011,19.457,22.16,29.7023
2020-01-24,9.1,,28.3483,53.9313,63.0216,54.2884,23.4949,20.3305,21.67,29.2302
2020-01-27,8.956,,27.7356,52.4872,61.9349,54.2016,22.8258,20.1047,19.95,28.5333
2020-01-28,9.52,,27.7273,53.1847,62.8735,55.1174,22.7302,20.6151,20.2,29.2122
2020-01-29,9.152,,27.2968,53.0963,63.4662,54.5969,22.4816,20.8016,20.14,30.1205
2020-01-30,9.46,,27.6942,52.5364,62.0831,53.9799,21.889,20.1047,20.74,29.4146
2020-01-31,9.586,,27.1726,52.3595,59.5737,53.1799,21.7743,19.3392,20.05,29.7338
2020-02-03,9.594,,27.2513,53.1061,60.6506,55.1174,23.0743,19.9575,20.55,29.4146
2020-02-04,9.76,,27.4667,53.7054,61.2532,55.715,22.7875,19.8839,21.43,29.3876
2020-02-05,9.6,,27.6323,53.2437,61.9843,56.4669,22.5199,20.301,21.4,29.4415
2020-02-06,9.578,,27.5661,52.556,60.2653,55.8114,22.1567,21.0224,21.24,29.6079
2020-02-07,9.662,,27.9222,52.8212,59.9491,54.9535,20.8089,20.1685,20.25,29.9002
2020-02-10,8.73,,28.3944,51.2789,57.7756,53.4498,20.503,20.3795,19.93,29.7383
2020-02-11,9.098,,29.0487,53.7938,58.971,54.9921,21.2486,21.1254,21.09,30.2149
2020-02-12,9.03,,28.9328,54.6288,61.0556,56.6307,21.4302,21.8664,21.28,30.4847
2020-02-13,8.97,,28.4855,53.6857,62.8636,55.821,20.9332,22.362,21.18,29.8417
2020-02-14,9.1,,28.0051,53.9411,61.7472,56.062,20.9618,22.362,20.5,29.6978
2020-02-17,9.0,,27.7483,54.4225,63.0513,56.8717,21.4111,22.4651,20.7,30.2689
2020-02-18,9.39,,27.8643,54.285,64.0985,56.5054,20.9141,21.9351,20.52,29.8372
2020-02-19,9.41,,28.2618,54.6779,64.8889,56.3898,22.0228,23.9569,20.43,29.3516
2020-02-20,9.596,,28.1624,54.619,64.7703,56.0524,21.717,23.3042,19.53,29.3921
2020-02-21,9.592,,27.0691,54.9628,63.4366,56.6307,22.0706,24.4378,19.1,29.2257
2020-02-26,8.18,,25.7189,51.1154,60.858,53.9799,20.4648,23.063,17.1,27.7689
2020-02-27,7.96,,25.7355,49.6753,59.1587,53.3207,19.6619,21.6545,17.09,27.3373
2020-02-28,7.88,,26.5058,49.1525,59.3761,52.3512,19.2795,21.2506,16.93,27.4182
2020-03-02,8.46,,26.4064,50.928,59.1291,54.2514,20.2258,23.1418,17.31,27.6925
2020-03-03,8.356,,25.926,49.9416,57.8546,55.5505,19.9964,23.5998,17.46,27.8724
2020-03-04,8.266,,26.1745,51.8749,57.3014,58.168,21.0383,23.8657,18.33,26.8292
2020-03-05,7.91,,25.2799,48.827,56.1158,55.056,20.9905,22.9989,17.43,25.0577
2020-03-06,7.088,,24.7415,47.2783,55.8195,53.5534,20.3119,21.6791,16.15,24.8599
2020-03-09,4.498,,23.0269,41.4289,50.9488,49.2877,18.9832,19.5762,13.25,23.7763
2020-03-10,5.106,,23.5985,43.8851,55.039,49.947,19.7001,20.6399,14.34,24.5091
2020-03-11,4.662,,21.6768,40.3143,52.1541,46.6895,18.7921,19.3053,12.69,24.028
2020-03-12,3.138,,19.5481,34.6523,44.5963,40.0002,17.7789,16.2519,10.6,22.4813
2020-03-13,3.734,,21.7099,36.5462,48.2814,45.0802,19.0884,17.0054,12.45,24.064
2020-03-16,3.1,,19.7137,28.6057,41.4941,41.8616,17.7789,13.4989,10.69,21.2224
2020-03-17,2.938,,20.8733,30.3122,41.4941,44.1205,19.031,14.1244,10.82,21.119
2020-03-18,2.07,,19.4238,26.6033,34.5784,38.8272,18.2185,13.036,9.51,21.627
2020-03-19,2.366,,18.9268,29.9176,37.0483,39.7482,18.4097,14.149,9.59,22.859
2020-03-20,2.48,,18.2642,27.6193,34.8155,37.276,18.8016,15.9417,9.25,21.8339
2020-03-23,2.376,,16.9969,26.7118,33.136,34.4161,17.5877,17.3516,8.64,20.7368
2020-03-24,2.614,,18.6369,31.2098,34.776,34.2707,18.3237,17.7755,9.52,20.9436
2020-03-25,3.458,,19.5481,34.1295,40.5556,35.0656,19.8244,18.4164,10.52,20.9571
2020-03-26,3.786,,20.0865,36.1024,41.6423,37.9837,21.2964,18.7072,10.93,21.5326
2020-03-27,3.62,,19.0262,34.2578,39.1527,35.8703,21.5831,17.4305,10.1,20.5479
2020-03-30,3.4,,19.9705,34.6425,36.9989,36.6943,21.8508,16.7699,9.78,20.3681
2020-03-31,3.34,,19.1256,30.8251,36.4259,36.6459,21.6978,16.5481,10.05,20.1972
2020-04-01,3.296,,17.7373,29.5033,35.6652,34.7554,21.153,15.9861,9.57,19.7348
2020-04-02,3.9,,17.8202,29.089,35.6553,34.9008,19.8817,16.8094,10.04,20.2266
2020-04-03,4.166,,17.124,28.4281,32.6322,34.9008,19.117,16.2129,9.33,19.3762
2020-04-06,5.144,,18.3838,30.1642,37.0483,36.9367,19.5854,16.4051,9.7,20.8196
2020-04-07,5.5,,19.0634,30.6081,38.4216,37.0337,19.4994,18.3868,10.32,21.3575
2020-04-08,5.598,,20.0415,31.5649,39.0934,39.5058,19.0406,19.7128,11.05,22.2493
2020-04-09,4.94,,19.4779,30.2924,37.1471,40.4365,19.4612,18.8797,10.7,22.1803
2020-04-13,4.692,,19.8923,30.5489,36.1098,40.165,20.2927,19.3529,11.23,21.9827
2020-04-14,4.738,,20.1409,31.0717,36.9495,40.3492,21.0096,19.1755,11.56,21.146
2020-04-15,4.7,,19.395,30.4009,37.9177,39.816,22.3669,18.7318,11.31,21.8494
2020-04-16,4.5,,18.906,30.0853,39.617,40.5334,21.8508,18.7368,11.58,21.3023
2020-04-17,4.402,,19.2458,31.0717,41.7905,41.5805,21.6596,18.9586,12.3,21.4816
2020-04-20,4.12,,18.7651,32.354,44.3888,43.3255,22.4625,19.2741,11.85,21.6195
2020-04-22,3.962,,18.5413,34.1295,47.2144,45.9334,23.7051,20.1712,11.7,21.0541
2020-04-23,3.99,,18.276,35.3034,43.9344,44.0623,22.9022,19.5156,11.93,20.838
2020-04-24,3.71,,17.3063,31.9003,42.4722,41.1733,23.3419,19.0818,10.93,20.1531
2020-04-27,3.75,,17.8782,33.3897,42.0869,43.2382,23.8198,20.0135,11.32,20.6679
2020-04-28,4.358,,19.3535,34.8398,45.0409,45.0802,24.661,20.4966,11.98,20.7093
2020-04-29,4.302,,19.6105,35.1751,45.525,44.8185,24.2022,20.4078,12.46,21.238
2020-04-30,4.09,,18.8728,32.4724,41.9881,42.3657,22.9405,19.6881,11.74,20.8196
2020-05-04,3.946,,18.1559,30.8843,40.4074,40.737,23.9441,19.6389,11.47,19.7118
2020-05-05,4.236,,18.8277,30.3023,41.0989,41.7259,23.7912,19.2297,11.51,19.1831
2020-05-06,4.158,,18.4462,29.4836,42.3141,40.5043,23.8198,19.141,11.64,18.9809
2020-05-07,4.156,,17.7826,27.2839,41.1582,38.294,24.8044,19.2691,12.45,18.8935
2020-05-08,4.044,,18.5125,28.3295,41.1977,39.5737,24.8904,18.8501,13.0,18.6866
2020-05-11,4.22,,18.5623,27.3431,41.7905,40.0196,25.808,19.141,12.5,18.3143
2020-05-12,4.16,,17.9236,26.9189,39.9628,39.8839,25.5213,18.4854,12.13,18.4706
2020-05-13,4.052,,17.9153,27.9349,38.9155,38.1098,25.4066,18.7318,11.63,18.489
2020-05-14,4.204,,18.7033,28.655,37.8683,40.2329,26.0183,18.4114,11.74,19.1234
2020-05-15,4.164,,17.9402,28.0632,38.2833,40.7176,26.2381,,10.92,18.6407
2020-05-18,5.0,,18.8028,29.8387,39.1724,42.6566,25.5021,18.0516,11.82,19.8129
2020-05-19,5.4,,17.99,30.4503,41.1878,41.6774,25.3301,18.1995,11.8,20.5162
2020-05-20,5.252,,17.9153,31.338,40.0122,40.4365,24.986,,11.92,20.2312
2020-05-21,5.5,,18.9438,32.9853,43.0946,41.532,24.9286,,12.05,20.3553
2020-05-22,5.38,,19.0433,32.2652,41.2076,41.6871,24.2309,18.3572,11.6,19.7715
2020-05-25,5.796,,19.8728,34.4156,42.2845,44.2077,23.4662,18.7516,12.36,20.7783
2020-05-26,5.76,,19.0848,33.2122,41.0396,43.3352,25.1867,19.9248,11.95,20.3691
2020-05-27,5.95,,19.682,34.7017,43.3712,45.4874,25.1389,20.0036,13.26,20.6955
2020-05-28,5.846,,19.3336,32.4823,43.065,45.4583,24.1831,20.0529,13.53,21.0357
2020-05-29,6.196,,19.1097,32.1469,41.5929,46.0497,23.8103,20.6198,13.43,21.7436
2020-06-01,6.258,,19.6367,34.5734,42.2845,45.3711,24.7566,20.7825,13.52,21.5506
2020-06-02,6.718,,20.9563,34.6918,46.4339,45.468,24.3169,20.9106,14.36,22.0011
2020-06-03,6.496,,21.5124,36.8323,46.177,45.9818,23.8868,20.9994,15.34,24.0053
2020-06-04,6.784,,22.1349,36.3391,44.8136,45.594,23.8485,21.5909,15.36,23.6652
2020-06-05,7.454,,22.6245,36.8816,45.5447,45.9237,23.036,21.8522,15.17,23.9732
2020-06-08,7.472,,23.5375,36.4969,46.7303,48.5994,22.9118,22.5768,15.5,23.918
2020-06-09,7.04,,23.0727,38.2724,46.1375,47.9789,22.3861,22.5817,14.96,24.1616
2020-06-10,6.584,,22.0685,36.6745,44.3394,46.7574,22.1758,22.1775,14.34,23.7755
2020-06-12,6.168,,21.6286,35.2935,43.1835,47.2809,21.564,21.8127,13.88,23.1411
2020-06-15,6.7,,21.1223,34.5932,43.7466,47.0482,21.6978,21.8226,13.55,23.4905
2020-06-16,6.626,,21.7282,34.0506,42.4821,46.5344,21.4876,22.0641,14.8,22.9618
2020-06-17,6.666,,22.0021,35.5993,43.6083,47.6008,22.5964,22.7543,14.72,23.348
2020-06-18,7.034,,22.8652,35.0962,43.4206,46.1466,23.1316,22.7395,15.3,24.3639
2020-06-19,7.024,,23.3134,35.5105,44.043,47.3585,22.5772,22.7789,15.45,25.0167
2020-06-22,6.92,,22.5914,35.7078,45.7324,47.1064,22.2427,22.4782,15.22,24.7362
2020-06-23,7.132,,22.2926,35.3428,47.0958,46.4763,22.2522,22.7345,15.51,25.0075
2020-06-24,6.716,,21.446,34.5537,44.8927,46.2145,22.3383,22.7,15.74,24.2949
2020-06-25,7.088,,21.7033,34.2775,47.323,47.2615,22.4816,24.2627,15.66,24.7546
2020-06-26,6.89,,21.3381,32.8342,45.7324,46.1563,22.3956,24.6472,15.18,23.9777
2020-06-29,6.99,,21.9772,33.5586,46.8785,47.2421,22.5103,24.6266,15.69,23.9915
2020-06-30,7.078,,21.1223,33.0922,47.323,47.5039,22.5581,24.9669,16.01,23.446
2020-07-01,6.9,,21.6746,33.9456,47.412,46.7283,22.5868,25.9437,15.48,24.0552
2020-07-02,7.084,,22.0483,33.4097,47.7479,45.9915,22.2714,26.4272,15.78,24.0226
2020-07-03,6.966,,22.0068,34.1936,48.1628,45.8073,22.8544,26.6393,15.71,24.4365
2020-07-06,7.432,,23.0282,35.821,49.3977,45.8073,23.0265,26.2446,16.15,24.6364
2020-07-07,7.43,,21.8988,35.1462,50.2573,46.1273,23.0169,26.5949,15.77,24.2923
2020-07-08,7.33,,22.3721,35.2256,51.3045,46.5344,23.8007,26.7873,15.96,24.4039
2020-07-09,7.328,,22.3805,35.7912,51.4725,46.2824,23.4662,26.8662,16.05,24.8875
2020-07-10,7.224,,22.5881,36.2576,51.67,46.1176,23.8007,26.9846,16.1,24.8131
2020-07-13,7.728,,22.2559,35.1065,52.332,44.896,23.2177,27.103,16.26,25.413
2020-07-14,7.974,,22.6296,35.0271,51.8676,44.9833,22.8449,26.6344,16.6,25.1805
2020-07-15,8.026,,22.7874,35.424,52.3221,45.1578,23.036,26.812,16.55,25.3572
2020-07-16,7.934,,22.4054,35.0867,52.8556,44.9057,22.8735,26.9106,16.24,25.3479
2020-07-17,7.832,,22.6047,35.3546,51.917,46.2727,23.0074,28.657,16.31,25.2642
2020-07-20,8.024,,22.6711,35.9202,54.6339,46.263,23.2941,29.6782,16.31,25.5013
2020-07-21,8.23,,23.0033,36.4759,54.1004,45.7298,23.3324,29.54,16.15,25.5432
2020-07-22,8.124,,22.4801,34.9775,53.2409,46.8737,23.4088,33.6445,16.74,25.6827
2020-07-23,7.9,,22.0068,33.9753,51.2255,47.0579,22.9022,33.0426,16.39,25.3572
2020-07-24,7.698,,21.9818,33.4197,50.6821,46.5344,22.6919,32.9094,17.14,24.9433
2020-07-27,8.028,,23.0863,33.509,50.1881,47.9886,22.9405,34.5735,17.84,25.1479
2020-07-28,7.874,,22.9535,34.3127,49.8917,48.4928,23.0743,33.2093,17.73,24.9945
2020-07-29,7.874,,23.4932,34.3127,51.512,47.8723,22.8735,33.1055,17.99,25.1247
2020-07-30,7.932,,23.0946,34.0349,51.3638,47.9208,22.8162,33.6097,17.74,25.1107
2020-07-31,7.918,,22.3306,33.2907,52.1245,47.6493,22.5477,33.2884,17.45,25.1247
2020-08-03,7.902,,22.6671,32.5465,52.7568,47.436,22.781,32.9029,17.5,25.1758
2020-08-04,7.658,,21.346,32.2091,50.9785,46.4181,22.3048,33.0116,17.48,26.5244
2020-08-05,8.698,,21.3294,34.7096,52.4209,46.5247,22.5963,33.7085,18.52,26.8266
2020-08-06,8.436,,21.6285,36.3667,54.1399,47.882,23.3252,34.5142,18.06,27.2777
2020-08-07,8.778,,21.1715,35.5729,54.1399,47.5718,23.1114,33.8321,17.61,26.8638
2020-08-10,9.082,,21.4457,35.8011,53.3199,47.7366,23.2766,34.099,18.26,27.087
2020-08-11,8.76,,21.1964,36.4163,55.0488,46.6023,23.2669,33.2983,18.15,27.1986
2020-08-12,8.88,,20.9555,35.4538,54.2486,45.0802,23.3933,33.6097,18.11,27.087
2020-08-13,8.716,,20.3572,33.7074,54.8315,43.4903,24.7636,34.0545,17.86,27.1335
2020-08-14,8.618,,20.5483,34.5012,54.8315,43.626,23.2281,34.188,17.99,26.4872
2020-08-17,8.414,,20.0581,32.9632,52.2332,42.2688,23.403,33.5948,18.02,25.5711
2020-08-18,8.81,,20.1412,33.4594,55.4638,44.0056,23.5391,33.4614,19.49,26.343
2020-08-19,9.342,,20.0415,33.1815,53.3496,42.8152,24.1027,32.5618,20.02,26.1338
2020-08-20,9.178,,20.0415,34.1242,52.49,43.5177,24.3749,33.2241,20.27,26.4128
2020-08-21,8.954,,20.0082,33.8761,52.5592,44.0446,24.2874,33.412,19.68,26.3151
2020-08-24,8.856,,20.3406,33.886,52.3616,44.4447,24.4235,32.8535,19.57,26.1663
2020-08-25,8.86,,20.191,33.5487,53.3496,43.9958,24.1416,33.753,19.55,26.3709
2020-08-26,8.766,,19.7673,33.2113,53.5175,43.2738,24.0347,32.8337,19.54,26.0547
2020-08-27,8.614,,20.0913,33.2311,54.1399,43.4884,23.714,32.7645,19.25,25.7385
2020-08-28,8.598,,20.2991,33.37,56.3727,44.591,23.6946,33.2093,19.6,26.0361
2020-08-31,8.378,,19.5679,32.7052,55.444,42.3956,24.4138,31.9391,19.09,24.5806
2020-09-01,8.8,,20.2243,34.531,58.1609,43.2055,24.715,33.0808,20.0,24.9387
2020-09-02,8.676,,20.1827,34.5508,58.6746,43.4006,24.8025,33.0215,19.79,25.12
2020-09-03,8.674,,20.673,33.9059,57.4693,42.4639,24.4915,31.8452,19.38,24.8271
2020-09-04,8.81,,20.7394,34.2631,58.1214,43.0396,24.5984,31.8748,19.92,24.9945
2020-09-08,8.274,,20.2741,35.821,57.9139,42.7176,24.4623,31.1384,19.69,24.4039
2020-09-09,8.262,,20.2991,35.0271,59.4946,43.7226,24.404,32.0923,20.53,24.5295
2020-09-10,7.918,,19.867,34.4615,56.2739,42.6688,24.1805,30.8517,19.85,24.0552
2020-09-11,7.922,,19.6343,33.8463,55.0785,42.6396,23.7529,30.6886,19.91,23.5762
2020-09-14,7.8,,19.9833,35.7118,56.4814,43.947,23.8306,31.3015,20.28,24.0598
2020-09-15,7.798,,19.7174,35.7912,56.8568,43.3811,25.1329,31.6722,21.45,23.9203
2020-09-16,7.754,,19.6593,36.5354,56.0269,44.513,25.0746,31.1087,21.19,23.6831
2020-09-17,7.832,,19.6842,36.1087,55.5231,43.6446,25.1135,31.0494,21.44,23.8459
2020-09-18,7.622,,19.1939,35.176,53.8435,41.9565,25.755,30.6392,20.96,23.3809
2020-09-21,7.422,,19.0278,33.5883,53.4484,41.6443,25.4148,31.3361,20.59,22.9531
2020-09-22,7.3,,19.1939,33.1914,54.4857,41.7126,25.2399,31.9391,20.72,23.0693
2020-09-23,6.97,,18.6788,32.3282,53.0038,40.532,24.8803,30.8912,20.65,22.9019
2020-09-24,7.3,,19.1358,32.1793,53.2508,41.215,24.8608,31.8748,20.68,22.9019
2020-09-25,7.1,,19.0361,31.445,53.8831,41.254,24.5595,31.7562,20.51,22.8647
2020-09-28,6.96,,19.0278,30.6711,52.2628,40.1124,24.268,31.1007,20.54,22.5485
2020-09-29,6.868,,18.6123,30.1055,52.7074,39.8587,24.4915,32.1145,20.21,22.3207
2020-09-30,6.978,,18.6954,30.5123,53.6855,40.1222,24.7733,32.4903,20.8,22.4369
2020-10-01,7.106,,18.7245,31.8717,54.7623,40.0539,25.6092,33.0837,20.75,22.9205
2020-10-02,6.854,,18.7827,31.0084,54.2684,39.0293,25.5217,33.1579,20.6,22.8368
2020-10-05,7.306,,18.9823,31.1573,55.612,39.9173,26.0271,34.7058,21.8,22.6927
2020-10-06,7.146,,19.0155,31.842,54.7031,39.4977,25.2204,35.3487,21.7,22.423
2020-10-07,7.296,,18.8742,32.0702,54.9105,39.1757,25.512,36.1844,22.4,22.5346
2020-10-08,7.24,,20.0133,32.2984,56.1158,39.5172,25.4051,37.1784,22.25,22.4648
2020-10-09,7.114,,19.9551,32.1496,54.1992,38.9806,24.9969,38.029,21.8,22.3625
2020-10-13,7.106,,19.7638,31.832,54.0905,39.5758,25.2204,39.1417,21.98,22.4648
2020-10-14,7.676,,19.7056,31.842,54.051,39.8099,25.8133,39.8488,22.11,22.9112
2020-10-15,7.246,,19.531,32.2785,53.1421,40.6686,25.891,39.9428,22.67,22.7903
2020-10-16,7.09,,19.2151,31.8916,53.0828,40.7174,25.9785,40.5758,22.82,22.4369
2020-10-19,7.172,,19.4229,32.1496,53.972,41.1857,25.7064,40.5807,22.75,23.3948
2020-10-20,7.17,,20.1962,32.8045,54.4363,41.615,25.7452,41.3176,23.0,23.6273
2020-10-21,7.182,,20.3791,33.896,53.5274,42.4151,25.823,38.7708,23.06,24.19
2020-10-22,7.536,,21.4268,33.4395,51.9368,42.5615,25.6092,40.6055,23.18,24.297
2020-10-23,7.26,,21.1524,33.1914,60.2653,41.9468,25.6383,40.3879,23.28,23.8831
2020-10-26,7.1,,21.302,32.0404,61.4113,42.8347,25.5509,40.922,23.06,24.3202
2020-10-27,6.94,,20.6951,31.455,60.5122,42.4054,25.7938,41.1643,23.61,24.0319
2020-10-28,6.428,,19.7721,29.7681,59.4749,41.1077,25.2204,39.1367,22.22,23.1577
2020-10-29,6.6,,19.8719,30.1055,61.3816,41.4687,25.5606,39.5769,22.5,22.8508
2020-10-30,6.264,,19.5227,29.7582,60.087,40.9515,24.8511,37.4999,21.81,22.0509
2020-11-03,6.486,,20.0008,29.2521,59.5887,41.0784,25.3273,38.2367,23.18,22.6955
2020-11-04,6.44,,20.7995,30.5818,63.8636,42.8249,25.3079,40.65,22.28,23.246
2020-11-05,6.47,,21.2904,32.0801,63.9134,45.3228,25.9299,42.4055,22.35,23.9141
2020-11-06,6.8,,21.2654,33.7173,62.9867,45.4692,26.4353,41.5401,22.51,23.8999
2020-11-09,7.048,,22.9876,37.875,64.7205,45.1667,25.4634,40.6154,22.0,24.0881
2020-11-10,6.906,,24.0276,37.3987,65.4679,45.4789,25.0552,39.0823,20.83,24.5116
2020-11-11,6.676,,23.8279,36.843,65.2586,45.0594,25.1135,39.8538,20.93,23.4342
2020-11-12,6.412,,23.2455,35.2851,63.9234,43.5275,24.9677,39.9576,20.68,22.7473
2020-11-13,6.8,,23.6865,34.8783,67.7498,44.3959,25.3954,40.9813,20.93,22.9825
2020-11-16,6.93,,24.5185,35.2355,70.1712,45.274,25.315,40.3434,20.99,23.4483
2020-11-17,7.054,,24.5351,35.94,68.9754,46.1522,25.0702,40.3978,21.39,23.8247
2020-11-18,7.08,,23.9361,34.3921,68.4573,45.7034,24.8645,40.1011,20.97,23.994
2020-11-19,9.2,,23.9693,34.3325,68.9655,45.6643,24.2476,40.0219,21.24,23.8999
2020-11-20,8.642,,23.753,33.4395,70.1015,44.6496,24.4826,39.562,21.41,23.8623
2020-11-23,9.302,,24.0442,33.9853,71.626,43.6933,25.08,38.8252,22.05,23.5236
2020-11-24,9.06,,24.7181,36.0194,71.6759,43.908,24.7764,38.0488,22.62,23.2413
2020-11-25,9.6,,24.4269,36.6247,71.2673,44.591,24.6883,38.2367,22.54,22.7708
2020-11-26,10.096,,23.9111,36.0095,70.9485,45.1569,24.9723,38.4246,22.97,22.6109
2020-11-27,10.35,,24.0941,36.6942,70.7492,44.7179,27.2443,38.0784,22.76,22.5356
2020-11-30,10.034,,23.7613,35.8805,69.2046,45.4106,26.3531,36.3822,22.6,22.3003
2020-12-01,10.69,,24.7514,37.7757,68.9157,45.3033,26.4608,36.3971,23.8,22.8602
2020-12-02,10.178,,24.9428,38.2222,70.5997,45.8107,26.7252,36.2141,23.44,22.959
2020-12-03,10.32,,24.9261,38.9665,69.1648,46.5035,26.5294,36.5603,22.48,22.3803
2020-12-04,11.156,,25.1757,38.0039,70.6495,46.0253,26.5196,35.5069,22.94,22.4274
2020-12-07,11.104,,25.3255,38.3215,69.942,46.1522,26.0593,35.413,23.27,22.0463
2020-12-08,10.8,,25.2589,38.1032,69.8922,45.6643,26.2552,35.952,23.07,22.6391
2020-12-09,10.89,,25.4087,38.9069,69.7029,45.7326,25.883,35.1113,22.63,22.3145
2020-12-10,11.552,,26.249,39.79,69.3541,46.562,25.8243,35.1113,23.0,22.8508
2020-12-11,11.14,,26.041,38.897,69.3641,47.8792,25.8438,35.1113,22.96,23.3636
2020-12-14,11.1,,25.6915,39.3534,69.9321,47.4792,25.7459,34.8888,22.81,23.0766
2020-12-15,11.108,,25.9245,39.2443,70.1712,48.5427,25.8536,35.9767,23.8,23.5518
2020-12-16,11.23,,26.4154,39.1153,70.5897,49.4014,26.3139,36.2487,23.78,23.406
2020-12-17,11.65,,26.3821,38.6291,69.9719,49.4111,26.2943,37.4702,24.4,23.3636
2020-12-18,11.35,,26.3405,37.9742,68.1982,49.3721,26.1278,36.0361,24.83,23.1942
2020-12-21,11.32,,25.8746,36.7835,67.7199,47.85,26.5685,35.6288,24.39,22.625
2020-12-22,11.936,,25.9994,36.2079,67.6601,48.2988,27.4891,36.0296,24.06,22.6014
2020-12-23,13.226,,26.5734,36.6743,67.2217,48.6891,27.1659,35.9306,24.24,22.7144
2020-12-28,13.308,,26.7648,37.2895,68.3576,49.86,27.1855,37.3556,24.23,23.293
2020-12-29,13.564,,26.7066,36.5751,67.8993,50.1234,26.9407,37.1824,24.5,23.3072
2020-12-30,14.038,,26.3155,36.8628,67.9391,51.0894,26.8819,37.4743,24.45,23.0531
2021-01-04,14.96,,25.7207,35.1859,67.7598,49.3721,27.92,36.9202,26.04,22.4791
2021-01-05,14.758,,25.5542,35.0668,66.7234,49.7527,29.2029,39.1862,26.67,22.2815
2021-01-06,14.526,,26.2617,33.6082,62.5582,48.1427,29.1441,40.344,27.99,21.8299
2021-01-07,14.806,,27.3272,33.2411,62.6977,46.4254,29.2127,41.8877,29.54,22.3568
2021-01-08,14.89,,27.3188,34.9577,63.8735,48.2305,30.7012,44.421,29.1,23.8999
2021-01-11,15.57,,26.7029,33.4395,62.8771,45.879,31.0635,43.0603,28.3,23.2836
2021-01-12,15.3,,26.7861,33.8662,63.5846,46.0253,32.6696,44.5644,27.52,23.2366
2021-01-13,15.896,,26.345,33.38,63.5746,46.1034,32.7871,44.6683,26.61,23.1143
2021-01-14,15.6,,27.1274,34.4516,65.9761,47.7134,33.1005,44.4655,27.72,23.3871
2021-01-15,14.856,,26.1036,33.8761,67.1718,47.2255,32.983,42.6299,26.08,23.3166
2021-01-18,14.568,,25.9704,34.3028,68.4672,46.4937,33.7272,45.6233,26.45,23.5189
2021-01-19,14.7,,25.6624,34.3325,70.0018,46.601,33.1005,44.3319,25.67,23.3871
2021-01-20,14.162,,25.2379,33.7471,69.7527,46.4742,33.6979,43.8866,25.14,23.4483
2021-01-21,14.856,,24.8966,32.8441,69.7527,46.6791,34.1777,43.3671,25.02,23.5377
2021-01-22,14.4,,24.3639,32.3976,69.2345,46.5035,33.6587,44.0202,25.36,23.2272
2021-01-26,14.12,,23.5148,32.9334,68.7662,46.5132,33.9231,44.0103,24.05,22.9402
2021-01-27,13.824,,23.4982,32.8938,70.7791,48.3378,33.7958,43.664,23.61,22.5685
2021-01-28,14.356,,24.4638,35.1958,72.3335,49.4599,33.5118,43.5254,24.29,23.5424
2021-01-29,14.098,,23.5898,34.0448,70.3207,48.0549,33.9133,41.4573,23.25,22.6673
2021-02-01,14.694,,24.2057,34.4516,71.646,48.2012,34.2757,41.8283,23.24,22.9402
2021-02-02,15.566,,23.6896,34.7096,72.2439,49.5477,35.8425,42.0559,22.97,23.1895
2021-02-03,15.376,,23.5731,36.1087,72.2439,50.7381,37.1059,43.8718,23.53,23.453
2021-02-04,15.176,,23.4732,35.3546,74.2468,49.5282,36.0874,42.338,23.19,23.2977
2021-02-05,15.7,,23.3733,34.918,73.7386,48.894,36.391,41.8085,24.2,24.1305
2021-02-08,16.218,,22.9405,35.2256,74.2966,49.5477,38.0949,42.3033,24.0,23.4577
2021-02-09,15.548,,23.2152,34.6898,74.7848,50.0063,38.516,42.0609,24.15,23.2601
2021-02-10,15.886,,23.0487,34.1639,73.7386,49.3916,39.0449,42.5656,23.57,23.1237
2021-02-11,15.466,,23.0487,34.2135,74.2667,49.8697,40.7293,43.0455,24.11,22.8837
2021-02-12,15.918,,23.107,34.7295,75.7315,49.899,41.7184,42.8822,24.11,22.6626
2021-02-17,17.422,,23.3983,34.0944,75.7415,49.3331,40.9839,41.5364,24.46,22.4932
2021-02-18,17.682,,23.2318,33.6975,75.2333,48.3574,40.6705,41.2544,24.39,22.4462
2021-02-19,17.778,,22.9904,33.7372,76.728,48.1915,40.7195,41.1851,24.9,22.6438
2021-02-22,18.438,,21.3174,32.6258,77.007,45.7619,39.2407,40.9278,24.78,22.0745
2021-02-23,17.75,,22.6825,32.6755,75.0639,45.7619,39.2701,41.3929,25.73,21.9381
2021-02-24,17.472,,22.3495,32.5365,74.2966,45.0106,40.269,42.8971,27.14,21.7593
2021-02-25,16.782,,21.7086,32.3976,72.3435,43.8299,38.9371,39.3347,26.12,20.936
2021-02-26,16.722,,21.2674,31.3061,71.068,42.6103,40.1319,38.6172,25.87,20.5078
2021-03-01,17.646,,20.6182,30.3932,70.9485,41.6736,41.8751,38.766,26.67,20.2773
2021-03-02,17.134,,21.4505,30.7505,71.5762,42.0541,42.8935,38.2988,27.03,20.5549
2021-03-03,17.924,,21.5005,30.3039,70.6495,42.3468,43.5007,38.269,26.94,20.5031
2021-03-04,18.598,,22.1747,31.2267,72.7421,43.1469,41.973,36.3953,26.91,20.4561
2021-03-05,20.012,,22.9988,32.6358,78.2127,43.0689,42.8446,36.3009,27.62,20.4984
2021-03-08,19.0,,22.2663,30.8695,72.1044,40.5612,41.7673,34.3676,26.96,20.2067
2021-03-09,19.746,,22.5743,31.1275,70.4203,40.8832,40.6999,35.5355,27.33,20.0421
2021-03-10,18.88,,22.7407,31.9114,72.1044,41.4784,41.3267,35.9232,26.97,20.3949
2021-03-11,18.57,,22.774,34.0051,73.7087,43.0298,39.9556,35.7443,27.99,20.856
2021-03-12,18.702,,22.6242,34.5508,72.7321,42.7566,39.2211,35.3616,27.5,20.7431
2021-03-15,18.16,,22.8906,35.4141,73.3101,43.7226,39.2211,36.3904,28.49,21.1242
2021-03-16,18.2,,22.4244,34.5508,73.0809,43.547,39.3191,36.4798,28.78,21.1242
2021-03-17,19.3,,23.2984,35.176,74.1969,44.2983,40.8566,36.3755,29.12,22.0839
2021-03-18,17.64,,23.4316,34.2234,72.7122,44.23,40.4453,35.6896,28.61,21.6088
2021-03-19,18.786,,23.4816,35.9301,72.5727,46.05,40.2005,35.7592,28.64,22.9402
2021-03-22,18.11,,23.6147,35.5332,72.0745,44.14,40.7978,35.4361,27.77,22.6156
2021-03-23,17.406,,23.0154,35.7515,73.1706,43.86,39.9458,35.5902,26.56,21.9898
2021-03-24,17.602,,22.6159,35.7317,68.8359,41.86,40.4453,35.0485,26.77,21.637
2021-03-25,17.882,,23.0154,36.4759,69.5833,44.0,40.5236,35.3218,27.17,21.8816
2021-03-26,18.502,,23.365,36.1682,70.2509,44.29,41.5911,36.1518,28.6,22.131
2021-03-29,18.88,,23.3567,35.8507,68.8658,43.95,42.7466,35.8504,29.0,22.0275
2021-03-30,18.454,,23.7396,37.5475,70.5499,44.55,42.0024,37.3172,29.46,22.1545
2021-03-31,18.456,,23.2818,37.1109,70.1015,45.22,43.7162,37.0736,30.22,22.1027
2021-04-01,18.196,,22.5576,36.7934,69.663,44.22,45.8021,37.3222,29.38,21.8362
2021-04-05,18.124,,22.8489,37.0117,70.7791,44.33,44.6661,38.2421,29.44,22.7722
2021-04-06,18.698,,22.5826,36.6545,72.7321,44.59,45.7335,38.3365,30.14,23.7132
2021-04-07,18.92,,22.3828,35.9599,71.4467,43.58,45.0088,37.8691,30.71,23.3183
2021-04-08,18.95,,22.208,35.7118,72.8716,43.47,45.332,38.0183,30.81,22.9867
2021-04-09,18.898,,22.1747,36.6346,74.2268,42.94,46.5366,37.5459,31.12,23.2256
2021-04-12,19.382,,22.7241,36.327,74.1172,43.48,47.6725,37.5459,31.22,23.133
2021-04-13,20.1,,22.7158,37.736,74.1272,43.55,47.0262,37.2824,31.94,22.8697
2021-04-14,20.36,,23.0071,36.5354,74.4461,43.03,46.7912,37.904,32.39,22.626
2021-04-15,19.52,,23.0071,37.4185,80.664,43.02,48.3287,38.9332,32.62,22.5528
2021-04-16,19.628,,23.2651,37.4284,79.2988,43.42,47.8096,38.3117,32.53,22.8112
2021-04-19,19.2,,22.9155,37.617,78.2824,43.84,49.1513,37.6901,32.51,23.4743
2021-04-20,18.592,,22.799,37.4384,78.5515,44.1,48.7008,36.7305,32.27,23.3036
2021-04-22,18.194,,22.8073,36.4659,78.6412,43.55,49.4255,36.2382,33.3,22.9282
2021-04-23,18.37,,22.9155,37.32,79.2191,43.99,49.4255,37.3968,33.52,23.5718
2021-04-26,18.06,,22.8989,38.21,76.6383,43.59,48.8085,37.1084,34.3,23.484
2021-04-27,18.016,,22.5493,37.7,76.1998,44.14,49.3765,36.8051,34.43,23.172
2021-04-28,18.454,,23.4816,37.48,76.5486,44.89,49.2492,36.2979,34.67,23.445
2021-04-29,18.52,,22.7407,37.16,75.9009,45.08,50.2873,35.2935,34.39,23.3914
2021-04-30,18.316,,22.9155,36.8,75.4084,44.06,48.79,34.8161,33.22,24.069
2021-05-03,18.372,,23.2235,38.7,75.3785,43.68,50.8,34.2592,32.5,24.2689
2021-05-04,19.052,,22.233,38.51,75.7573,43.57,50.9,33.5134,32.65,24.3762
2021-05-05,19.4,,22.8656,39.0,79.1963,43.9,53.02,34.5178,34.45,25.1075
2021-05-06,19.2,,22.7241,39.91,79.7445,43.65,52.56,33.5432,36.02,25.4829
2021-05-07,19.21,,22.9988,42.64,80.831,44.52,52.29,33.235,36.37,25.6925
2021-05-10,18.48,,23.34,43.09,81.4191,43.71,53.68,32.1311,36.38,25.7656
2021-05-11,18.17,,23.2901,43.59,81.7381,43.93,56.49,32.1112,37.65,26.3165
2021-05-12,17.81,,22.9488,40.65,80.1432,42.66,55.63,31.0969,36.65,25.9021
2021-05-13,17.33,,23.6147,41.68,80.9207,44.27,50.1,31.6239,35.63,26.1556
2021-05-14,18.32,,24.1391,41.7,83.5722,45.25,50.31,31.9223,34.61,25.9558
2021-05-17,18.81,,24.1225,43.04,85.1871,45.46,50.25,31.9919,35.4,25.8046
2021-05-18,18.63,,24.0725,42.07,84.7285,44.78,50.7,32.2206,35.86,25.1172
2021-05-19,18.26,,24.2473,42.0,84.5292,45.47,48.4,31.425,35.47,25.2294
2021-05-20,17.73,,24.3805,43.25,84.4395,45.92,49.09,31.6836,34.3,25.1465
2021-05-21,18.02,,24.4971,43.37,84.569,46.0,48.39,31.5344,33.87,24.7418
2021-05-24,19.2,,24.4305,42.44,85.4861,46.79,47.75,32.4692,32.89,24.8296
2021-05-25,18.83,,24.1391,42.85,85.5459,46.75,48.2,32.7874,32.2,25.0636
2021-05-26,18.85,,24.4721,43.38,85.825,46.29,48.35,32.6184,32.55,25.0538
2021-05-27,19.33,,24.264,43.99,87.2305,47.13,50.15,32.6283,33.09,25.4975
2021-05-28,19.66,,24.6635,44.41,88.7457,47.22,51.25,34.2095,32.65,25.8144
2021-05-31,19.73,,24.5886,43.25,88.3469,46.47,53.0,33.9609,32.92,25.9119
2021-06-01,19.66,,25.471,43.11,88.018,47.53,51.39,34.0007,34.12,26.3653
2021-06-02,20.28,,26.32,43.4,87.071,47.4,51.66,33.2648,33.39,25.7364
2021-06-04,20.5,,26.8694,45.58,85.526,47.03,51.24,34.0305,32.46,26.2093
2021-06-07,19.7,,27.502,46.4,85.2369,49.01,50.59,33.941,31.89,26.6724
2021-06-08,19.32,,27.3105,44.92,87.3202,49.1,50.4,33.8316,31.34,26.6627
2021-06-09,19.0,,27.6851,43.22,88.0778,48.28,50.3,34.0604,32.07,26.3604
2021-06-10,19.52,,27.5852,44.25,87.8286,48.83,50.95,33.7421,32.14,26.4725
2021-06-11,19.69,,27.2606,42.48,87.9183,48.28,50.51,34.0206,33.0,26.4482
2021-06-14,19.38,,27.169,43.77,91.8956,49.13,49.8,34.6869,32.1,26.7699
2021-06-15,20.08,,27.169,43.44,91.0582,48.89,50.05,35.2637,31.76,26.648
2021-06-16,20.05,,27.7101,42.33,91.0882,48.21,49.77,34.6371,30.14,26.9308
2021-06-17,19.14,,27.3854,42.16,92.3342,48.22,48.39,34.2294,29.0,26.9844
2021-06-18,19.0,,26.886,42.9,93.9689,48.5,48.37,34.9952,29.08,26.6383
2021-06-21,19.42,,27.0109,43.18,95.6236,47.75,48.91,35.0548,29.87,26.8138
2021-06-22,19.33,,26.6613,43.5,94.6966,48.13,49.23,34.1001,29.8,26.6773
2021-06-23,19.49,,26.4698,42.45,93.4107,47.61,48.8,33.762,29.79,26.492
2021-06-24,19.45,,26.4781,43.48,93.9988,47.7,48.75,34.1399,30.77,26.2288
2021-06-25,19.08,,25.6374,42.03,92.4936,46.46,47.73,33.3742,30.84,25.3561
2021-06-28,18.77,,25.3461,40.93,94.6468,46.7,48.94,33.8324,30.57,25.8778
2021-06-29,18.98,,25.0964,39.4,94.7763,46.69,49.26,34.529,30.26,25.8729
2021-06-30,19.49,,24.805,40.45,94.1982,46.6,51.32,33.524,29.61,26.0679
2021-07-01,20.54,,24.7259,39.35,93.2114,45.52,52.0,34.0812,28.95,26.4287
2021-07-02,21.26,,24.9924,40.0,95.42,45.66,51.5,35.0862,29.76,26.258
2021-07-05,21.49,,24.651,40.23,96.05,45.6,53.88,34.738,29.68,26.3068
2021-07-06,20.24,,24.3761,39.21,95.81,45.64,52.1,34.3797,29.56,25.8729
2021-07-07,19.84,,24.7176,39.62,96.47,45.94,50.27,35.8823,30.0,26.2093
2021-07-08,19.58,,24.3928,40.31,96.04,45.1,48.78,34.5588,29.1,25.6047
2021-07-12,19.44,,24.7259,41.07,96.62,45.38,47.71,35.4047,30.41,25.907
2021-07-13,19.57,,24.8758,42.0,97.13,45.18,48.03,35.0066,30.53,25.9314
2021-07-14,19.35,,24.9091,42.5,99.46,45.3,47.21,34.8375,30.13,25.8388
2021-07-15,18.95,,24.6093,42.15,100.81,44.53,47.31,34.7479,29.93,25.6535
2021-07-16,18.85,,24.2096,42.19,99.57,44.32,47.35,34.121,29.46,25.3074
2021-07-19,18.2,,24.068,41.83,98.16,44.3,44.85,34.0116,29.51,25.5316
2021-07-20,18.8,,24.3845,42.52,97.23,44.5,46.73,34.3797,29.63,25.8534
2021-07-21,19.0,,24.4844,42.15,96.81,44.48,45.95,34.2802,30.3,25.205
2021-07-22,19.06,,24.2346,42.69,98.12,45.2,46.03,34.927,30.56,25.0148
2021-07-23,18.95,,24.1679,41.91,97.73,44.33,45.96,34.6285,30.74,25.1904
2021-07-26,18.75,,24.5927,41.62,96.27,44.0,45.64,34.4792,31.8,25.1562
2021-07-27,17.95,,24.8342,40.45,93.86,44.25,45.26,34.2205,30.66,24.9758
2021-07-28,18.0,,25.642,40.96,93.34,44.41,46.12,37.0167,30.73,25.2245
2021-07-29,18.38,,25.5088,42.3,92.55,43.88,46.14,35.9519,31.4,25.3659
2021-07-30,17.85,,25.2339,40.83,90.52,42.52,45.0,35.534,30.8,25.5247
2021-08-02,17.59,,25.3755,41.27,92.08,43.36,45.75,36.6316,30.73,26.7007
2021-08-03,17.9,,25.6254,40.8,92.03,43.5,45.45,36.4018,31.55,26.6216
2021-08-04,17.3,,24.9091,40.15,91.79,42.95,43.55,36.0519,31.61,26.4042
2021-08-05,17.27,7.2235,24.9841,39.54,92.0,42.21,43.46,35.842,30.74,26.1868
2021-08-06,17.47,7.0838,25.6836,39.51,93.6,42.3,42.73,36.2218,31.36,26.1769
2021-08-09,17.58,7.0539,25.9835,39.85,92.9,42.46,43.25,36.1419,30.96,26.4091
2021-08-10,18.72,7.0838,25.4921,38.36,92.1,41.61,43.05,36.0719,31.74,26.1621
2021-08-11,18.3,6.8544,25.7753,38.94,91.98,41.54,43.55,36.1319,31.509,27.2639
2021-08-12,17.75,6.9441,25.2922,37.75,92.78,40.5331,43.5,35.4922,31.0769,27.4517
2021-08-13,17.42,6.994,25.6337,37.58,91.44,42.7001,43.4,35.7521,30.7626,27.595
2021-08-16,16.77,7.004,25.2672,36.61,89.7,42.9858,42.8,34.3928,29.8,28.0891
2021-08-17,16.75,6.8045,25.1756,35.73,87.58,42.71,41.58,34.6726,28.95,27.2491
2021-08-18,17.28,6.7945,25.2256,35.73,87.8,42.33,41.72,33.5632,28.7,28.43
2021-08-19,18.1,6.9142,24.9008,35.89,89.2,43.63,42.55,35.1724,27.74,28.8796
2021-08-20,18.03,6.9641,24.8092,36.57,90.4,44.25,42.17,35.962,27.65,28.9241
2021-08-23,18.68,7.1537,25.0757,35.92,90.25,43.87,42.31,35.7321,27.85,28.7857
2021-08-24,19.08,7.2335,25.7753,36.88,91.74,45.05,42.77,35.6421,28.89,28.7264
2021-08-25,18.92,7.3233,25.8086,37.11,92.63,45.18,42.42,36.3618,29.05,28.3954
2021-08-26,18.06,7.0838,25.184,35.15,91.32,44.15,41.3,36.7516,28.44,28.3361
2021-08-27,19.4,7.1736,25.617,35.57,92.39,44.53,41.75,36.8815,28.95,28.6523
2021-08-30,19.3,7.0938,25.4338,34.83,91.53,44.53,42.05,36.6616,28.69,28.5733
2021-08-31,19.17,7.0838,25.7669,34.19,89.42,44.37,40.74,35.5422,28.32,28.2472
2021-09-01,18.63,7.0539,25.8794,33.6,88.44,45.22,46.2,36.2718,28.15,27.9359
2021-09-02,18.77,6.7845,24.9462,32.48,85.79,44.38,44.55,35.7221,27.39,27.4616
2021-09-03,18.15,6.9841,24.8046,32.51,85.89,43.81,44.3,36.2318,27.38,26.9181
2021-09-06,18.53,6.9142,25.1212,33.12,86.6,44.24,45.0,36.3618,27.69,27.0416
2021-09-08,18.26,6.5151,23.9297,31.62,82.53,43.03,43.87,36.4717,27.05,25.9941
2021-09-09,19.78,6.3954,24.2463,32.45,83.31,44.26,45.19,38.8205,27.41,26.1868
2021-09-10,19.1,6.4852,24.0047,32.61,83.16,43.16,44.6,38.6406,27.3,26.335
2021-09-13,19.52,6.9342,24.3046,33.2,84.1,43.45,44.36,38.8805,27.51,26.167
2021-09-14,19.63,7.1736,24.1547,32.89,84.68,43.45,44.04,39.3603,27.55,25.8953
2021-09-15,21.09,7.2235,23.7631,32.38,84.38,43.05,44.12,39.82,27.33,25.4111
2021-09-16,20.89,7.1038,23.7464,32.05,83.92,43.22,44.34,39.88,26.4,25.7026
2021-09-17,20.07,7.2235,23.1798,32.11,83.29,43.52,43.89,39.1704,24.6,25.7866
2021-09-20,18.93,7.0938,22.6549,32.24,82.98,42.6,42.05,38.8705,24.37,25.0504
2021-09-21,19.26,7.2634,22.5966,33.2,86.76,43.53,41.9,39.7301,24.15,25.2727
2021-09-22,20.7,7.2934,23.1215,33.1,86.5,43.73,42.43,40.5497,25.1965,25.5445
2021-09-23,21.17,7.2135,23.9214,33.03,87.95,43.86,42.71,41.1494,26.616,25.4555
2021-09-24,21.99,6.9841,23.5881,32.68,90.0,43.45,42.66,41.3193,26.2414,25.4259
2021-09-27,23.11,7.1337,24.2047,32.61,87.54,42.92,42.31,40.86,26.34,25.4012
2021-09-28,21.93,6.9242,23.6547,31.6,82.62,42.4,41.16,40.67,25.6,24.9763
2021-09-29,22.85,6.8344,24.0797,31.77,83.0,43.84,42.69,39.87,26.07,24.7935
2021-09-30,25.02,7.0838,24.1047,31.54,82.87,44.03,45.6,39.63,27.1,24.4377
2021-10-01,26.35,7.3532,24.7341,32.68,85.69,44.42,46.12,40.17,27.7,24.5168
2021-10-04,26.06,7.004,24.3243,31.69,80.1,44.11,47.35,38.78,27.14,24.0573
2021-10-05,26.2,7.1138,24.914,30.8,78.98,43.88,45.57,37.53,27.0,24.1759
2021-10-06,26.25,6.99,24.9939,30.71,78.95,42.91,46.7,37.51,26.46,23.331
2021-10-07,26.7,7.13,24.4642,30.95,79.42,43.31,46.88,37.56,26.89,22.7282
2021-10-08,27.02,7.14,24.6441,33.0,84.1,44.52,47.47,38.65,27.18,23.3063
2021-10-11,27.79,7.03,24.2144,32.5,83.01,45.23,49.25,38.62,27.17,22.491
2021-10-13,26.95,7.05,24.2444,33.94,85.9,46.0,48.5,40.58,27.63,22.8566
2021-10-14,28.15,7.15,24.1245,33.2,85.4,46.15,49.0,40.6,28.16,22.3329
2021-10-15,27.74,7.1,24.7441,33.36,89.16,45.9,48.4,40.12,28.17,22.659
2021-10-18,27.16,6.98,24.914,33.88,88.02,46.05,48.75,40.36,28.18,22.822
2021-10-19,26.77,6.69,24.3243,31.86,83.35,44.11,48.04,39.35,27.83,23.1037
2021-10-20,26.86,6.68,24.884,31.33,82.63,44.25,47.69,40.12,27.41,23.4001
2021-10-21,26.29,6.43,24.4642,29.7,79.74,43.02,46.2,39.35,26.56,23.6373
2021-10-22,26.48,6.37,23.5249,28.62,78.09,41.55,46.3,38.89,26.73,23.5286
2021-10-25,27.42,6.63,23.9846,30.23,80.45,42.27,46.98,39.55,27.96,23.7954
2021-10-26,27.15,6.58,23.7247,29.11,77.43,40.42,45.07,39.66,28.05,23.242
2021-10-27,25.35,6.63,23.9046,30.29,77.87,41.02,43.63,39.2,27.35,23.4989
2021-10-28,23.51,6.78,23.8546,30.21,75.96,39.28,43.49,37.83,27.4,23.3902
2021-10-29,23.47,6.78,23.295,29.94,73.9,39.49,43.58,37.0,26.9,23.0642
2021-11-01,23.4,6.79,24.22,31.05,76.01,40.31,43.08,36.96,24.8419,23.4
2021-11-03,23.8,6.9,24.45,32.12,80.06,41.26,44.58,37.68,23.8613,23.77
2021-11-04,23.39,6.75,23.16,31.73,79.6,40.01,44.76,37.72,23.8426,23.6
2021-11-05,27.57,6.75,22.88,32.72,79.18,40.62,45.57,37.68,22.89,24.11
2021-11-08,27.76,6.77,22.76,31.95,76.5,40.32,47.9,37.1,23.8,24.09
2021-11-09,26.5,6.73,22.53,32.83,76.25,40.89,48.1,36.79,23.99,24.57
2021-11-10,25.71,6.5,23.1,33.68,77.75,41.78,48.07,36.28,23.69,24.91
2021-11-11,25.67,6.8,23.05,34.06,80.7,42.77,47.97,36.5,25.11,24.65
2021-11-12,24.36,6.52,23.0,34.14,78.04,43.43,45.93,35.65,25.4,24.72
2021-11-16,23.51,6.02,22.76,33.08,73.68,43.33,43.56,35.38,25.44,24.55
2021-11-17,23.06,5.85,22.85,32.2,70.57,42.01,41.98,35.77,25.32,24.18
2021-11-18,22.04,5.84,22.47,33.07,73.0,42.34,41.27,35.92,24.28,23.83
2021-11-19,21.46,5.93,22.28,33.13,76.01,42.99,40.76,35.79,24.79,22.96
2021-11-22,21.53,5.63,22.07,,73.27,42.86,40.7,34.67,25.43,22.11
2021-11-23,22.67,5.67,22.44,,71.07,43.7,40.7,34.16,25.58,22.38
2021-11-24,21.9,5.57,23.04,,71.3,44.37,41.6,33.53,26.0,22.52
2021-11-25,22.08,6.08,23.25,,71.81,45.05,42.57,33.8,26.24,23.54
2021-11-26,20.15,5.91,22.792,,69.14,44.21,40.7,32.69,25.55,22.89
2021-11-29,20.84,5.79,22.6421,,68.2,45.46,40.9,32.41,25.8,22.85
2021-11-30,19.98,5.47,22.3524,,66.58,45.39,38.0,32.2,25.7,22.14
2021-12-01,20.31,5.49,22.22,,68.72,45.59,37.04,32.49,26.17,21.7
